{
    "loss": 4.624950885772705,
    "accuracy": 0.6372548937797546
}