{
    "loss": 0.27165380120277405,
    "accuracy": 0.8627451062202454
}